Symbol,Name,Last Sale,Net Change,% Change,Market Cap,Country,IPO Year,Volume,Sector,Industry
AAMC,Altisource Asset Management Corp Com,$3.68,0.135,3.808%,10172013.00,United States,,1277,Finance,Real Estate
AAU,Almaden Minerals Ltd. Common Shares,$0.137,-0.0001,-0.073%,18799333.00,Canada,2015,232236,,
ACU,Acme United Corporation. Common Stock,$39.475,1.105,2.88%,141520638.00,United States,1988,13173,Consumer Discretionary,Industrial Machinery/Components
ADRT,Ault Disruptive Technologies Corporation Common Stock,$13.29,0.40,3.103%,191043750.00,,2022,5342,Finance,Blank Checks
AE,Adams Resources & Energy Inc. Common Stock,$26.20,-0.55,-2.056%,66716754.00,United States,1980,6078,Energy,Oil Refining/Marketing
AEF,abrdn Emerging Markets Equity Income Fund Inc. Common Stock,$5.1425,0.0225,0.439%,552111656.00,United States,,26312,Finance,Finance/Investors Services
AEON,AEON Biopharma Inc. Class A Common Stock,$12.58,-0.56,-4.262%,467467768.00,United States,,65063,Health Care,Biotechnology: Pharmaceutical Preparations
AGE,AgeX Therapeutics Inc. Common Stock,$0.361,-0.029,-7.436%,13700405.00,,2018,41170,Health Care,Biotechnology: Pharmaceutical Preparations
AIM,AIM ImmunoTech Inc. Common Stock,$0.388,-0.0015,-0.385%,18950830.00,United States,1997,40850,Health Care,Biotechnology: Biological Products (No Diagnostic Substances)
AINC,Ashford Inc. (Holding Company) Common Stock,$2.50,-0.16,-6.015%,8034938.00,United States,2014,7564,Consumer Discretionary,Professional Services
AIRI,Air Industries Group Common Stock,$4.115,-0.035,-0.843%,13592030.00,United States,,7452,Industrials,Military/Government/Technical
AMBI,Ambipar Emergency Response Class A Ordinary Shares,$5.87,0.00,0.00%,325373220.00,,,34,Industrials,Environmental Services
AMBO,Ambow Education Holding Ltd. American Depository Shares (each representing twenty (20) Class A Ordinary Shares),$1.83,0.0945,5.445%,5227168.00,China,,28568,Real Estate,Other Consumer Services
AMPE,Ampio Pharmaceuticals Inc.,$1.60,0.04,2.564%,1331234.00,United States,2022,16921,Health Care,Biotechnology: Pharmaceutical Preparations
AMS,American Shared Hospital Services Common Stock,$2.6928,-0.0072,-0.267%,16964640.00,United States,1988,1715,Health Care,Medical Specialities
APT,Alpha Pro Tech Ltd. Common Stock,$5.90,0.29,5.169%,68717866.00,Canada,2000,36722,,
AREN,The Arena Group Holdings Inc. Common Stock,$1.7569,-0.0231,-1.298%,41875520.00,United States,2022,17798,Health Care,Medical/Dental Instruments
ARMN,Aris Mining Corporation Common Shares,$3.179,0.0791,2.552%,438170916.00,,2023,391763,,
ARMP,Armata Pharmaceuticals Inc. Common Stock,$3.65,-0.06,-1.617%,131934995.00,United States,,6080,Health Care,Biotechnology: Biological Products (No Diagnostic Substances)
ASM,Avino Silver & Gold Mines Ltd. Common Shares (Canada),$0.5098,0.0078,1.554%,64135974.00,Canada,,488184,,
ASXC,Asensus Surgical Inc. Common Stock,$0.297,-0.0013,-0.436%,78502074.00,United States,,853547,Health Care,Medical/Dental Instruments
ATCH,AtlasClear Holdings Inc. Common Stock,$1.675,-0.135,-7.459%,17568445.00,,2024,31857,,
ATEK,Athena Technology Acquisition Corp. II Class A Common Stock,$11.23,0.03,0.268%,0.00,,2022,717,Finance,Blank Checks
ATNM,Actinium Pharmaceuticals Inc. (Delaware) Common Stock,$7.61,-0.15,-1.933%,208616286.00,United States,,128926,Health Care,Biotechnology: Pharmaceutical Preparations
AULT,Ault Alliance Inc. Common Stock,$0.3939,-0.0061,-1.525%,1111743.00,United States,1997,2098665,Technology,Industrial Machinery/Components
AULT^D,Ault Alliance Inc. 13.00% Series D Cumulative Redeemable Perpetual Preferred Stock,$22.0171,0.00,0.00%,,United States,,147,,
AUMN,Golden Minerals Company Common Stock,$0.3837,0.0037,0.974%,5404292.00,United States,,89166,Basic Materials,Precious Metals
AUST,Austin Gold Corp. Common Shares,$1.20,0.105,9.589%,15924000.00,,2022,133604,,
AWX,Avalon Holdings Corporation Common Stock,$2.2616,-0.1584,-6.545%,8818953.00,United States,1998,487,Utilities,Environmental Services
AXIL,AXIL Brands Inc. Common Stock,$11.711,-0.039,-0.332%,68554402.00,,2024,1924,Consumer Discretionary,Package Goods/Cosmetics
AZTR,Azitra Inc Common Stock,$0.2325,0.0074,3.287%,2812702.00,,2023,531258,Health Care,Biotechnology: Pharmaceutical Preparations
BACA,Berenson Acquisition Corp. I Class A Common Stock,$10.27,0.00,0.00%,0.00,,2021,1,Finance,Blank Checks
BATL,Battalion Oil Corporation Common Stock,$5.95,0.00,0.00%,97916550.00,United States,,13963,Energy,Oil & Gas Production
BCV,Bancroft Fund Ltd.,$15.68,0.12,0.771%,0.00,United States,1972,8989,Finance,Finance/Investors Services
BCV^A,Bancroft Fund Limited 5.375% Series A Cumulative Preferred Shares,$23.9799,-0.0001,0.00%,,United States,,1065,,
BDL,Flanigan's Enterprises Inc. Common Stock,$24.97,-0.03,-0.12%,46410416.00,United States,1972,3939,Consumer Discretionary,Restaurants
BEEP,Mobile Infrastructure Corporation Common Stock,$3.70,0.01,0.271%,0.00,,2023,22509,Finance,Blank Checks
BGI,Birks Group Inc. Common Stock,$3.6162,-0.0638,-1.734%,39669714.00,Canada,,22122,Consumer Discretionary,Consumer Specialties
BHB,Bar Harbor Bankshares Inc. Common Stock,$25.00,-0.22,-0.872%,378899275.00,United States,1997,14490,Finance,Major Banks
BHM,Bluerock Homes Trust Inc. Class A Common Stock,$14.51,0.01,0.069%,56295231.00,,2022,2440,Real Estate,Real Estate Investment Trusts
BITE,Bite Acquisition Corp. Common Stock,$10.70,0.00,0.00%,0.00,,2021,1,Finance,Blank Checks
BKTI,BK Technologies Corporation Common Stock,$11.99,-0.01,-0.083%,41431433.00,United States,,514,Technology,Radio And Television Broadcasting And Communications Equipment
BLUA,BlueRiver Acquisition Corp. Class A Ordinary Shares,$10.75,0.00,0.00%,0.00,,2021,38,Finance,Blank Checks
BMTX,BM Technologies Inc. Common Stock,$1.795,0.035,1.989%,21306515.00,,2018,2961,Technology,EDP Services
BQ,Boqii Holding Limited American Depositary Shares representing Class A Ordinary Shares,$0.255,0.0068,2.74%,1659580.00,,2020,51851,Consumer Discretionary,Other Specialty Stores
BRBS,Blue Ridge Bankshares Inc. Common Stock,$2.50,-0.01,-0.398%,47995948.00,United States,,220402,Finance,Commercial Banks
BRN,Barnwell Industries Inc. Common Stock,$2.30,0.05,2.222%,23064607.00,United States,1965,20501,Energy,Oil & Gas Production
BTG,B2Gold Corp Common shares (Canada),$2.665,-0.015,-0.56%,3472358997.00,Canada,,6171055,Basic Materials,Precious Metals
BTTR,Better Choice Company Inc. Common Stock,$0.1536,0.0076,5.205%,4927664.00,,2021,146362,Consumer Staples,Beverages (Production/Distribution)
BURU,Nuburu Inc. Common Stock,$0.145,0.0006,0.416%,5349677.00,United States,2020,301832,Technology,Industrial Machinery/Components
CANF,Can-Fite Biopharma Ltd Sponsored ADR (Israel),$2.175,0.045,2.113%,8859619.00,Israel,,37020,Health Care,Biotechnology: Pharmaceutical Preparations
CATX,Perspective Therapeutics Inc. Common Stock,$1.04,0.02,1.961%,291793867.00,United States,,1359835,Health Care,Medical/Dental Instruments
CCEL,Cryo-Cell International Inc. Common Stock,$6.10,0.59,10.708%,50549389.00,United States,2022,20560,Health Care,Managed Health Care
CEI,Camber Energy Inc. Common Stock,$0.2276,0.0016,0.708%,24474113.00,United States,,4295290,Energy,Oil & Gas Production
CET,Central Securities Corporation Common Stock,$39.7113,0.3313,0.841%,9611135325.00,United States,1951,16745,Finance,Finance/Investors Services
CEV,Eaton Vance California Municipal Income Trust Shares of Beneficial Interest,$10.47,-0.01,-0.095%,73641530.00,United States,1999,22271,Finance,Investment Bankers/Brokers/Service
CHAA,Catcha Investment Corp. Class A Ordinary Shares,$11.26,0.00,0.00%,0.00,,2021,27,Finance,Blank Checks
CHRO,Chromocell Therapeutics Corporation Common Stock,$3.50,0.12,3.55%,20186338.00,,2024,5763,,
CIK,Credit Suisse Asset Management Income Fund Inc. Common Stock,$2.99,0.01,0.336%,0.00,United States,,38520,Finance,Finance/Investors Services
CIX,CompX International Inc. Common Stock,$30.40,0.00,0.00%,374338213.00,United States,1998,3866,Consumer Discretionary,Industrial Machinery/Components
CKX,CKX Lands Inc. Common Stock,$13.30,-0.16,-1.189%,26259879.00,United States,2003,443,Energy,Oil & Gas Production
CLDI,Calidi Biotherapeutics Inc. Common Stock,$0.7056,0.0272,4.009%,25043440.00,,2021,102294,Health Care,Biotechnology: Biological Products (No Diagnostic Substances)
CLM,Cornerstone Strategic Value Fund Inc. New Common Stock,$7.38,0.05,0.682%,0.00,United States,2003,925522,Finance,Finance/Investors Services
CMCL,Caledonia Mining Corporation Plc Common Shares,$10.54,0.19,1.836%,202262600.00,Canada,,12958,Basic Materials,Precious Metals
CMT,Core Molding Technologies Inc Common Stock,$19.00,-0.32,-1.656%,171773376.00,United States,1996,23680,Industrials,Plastic Products
COE,51Talk Online Education Group American depositary shares each representing 60 Class A ordinary shares,$6.50,-0.1086,-1.643%,36596755.00,China,2016,1301,Real Estate,Other Consumer Services
COHN,Cohen & Company Inc.,$7.78,1.396,21.867%,14170080.00,United States,,34924,Finance,Investment Bankers/Brokers/Service
CPHI,China Pharma Holdings Inc. Common Stock,$0.3482,-0.0088,-2.465%,589022.00,China,,462403,Health Care,Biotechnology: Pharmaceutical Preparations
CRF,Cornerstone Total Return Fund Inc. (The) Common Stock,$7.35,0.06,0.823%,0.00,United States,2003,471675,Finance,Finance/Investors Services
CTGO,Contango ORE Inc. Common Stock,$19.898,0.028,0.141%,187043747.00,United States,2021,13149,Basic Materials,Precious Metals
CTM,Castellum Inc. Common Stock,$0.351,-0.009,-2.50%,16722492.00,,2022,349138,Technology,EDP Services
CVM,Cel-Sci Corporation Common Stock,$2.255,-0.155,-6.432%,112985041.00,United States,1997,384754,Health Care,Biotechnology: Biological Products (No Diagnostic Substances)
CVR,Chicago Rivet & Machine Co. Common Stock,$15.2636,-0.2363,-1.525%,14746652.00,United States,1930,2948,Industrials,Industrial Machinery/Components
CVU,CPI Aerostructures Inc. Common Stock,$2.548,-0.072,-2.748%,32289290.00,United States,2022,20806,Industrials,Military/Government/Technical
CYBN,Cybin Inc. Common Shares,$0.3441,0.0247,7.733%,88286951.00,Canada,,8780347,Health Care,Biotechnology: Pharmaceutical Preparations
DC,Dakota Gold Corp. Common Stock,$2.135,0.005,0.235%,185190481.00,United States,2022,72425,Basic Materials,Precious Metals
DDC,DDC Enterprise Limited Class A Ordinary Shares,$1.32,-0.07,-5.036%,26298450.00,,2023,46288,Basic Materials,Metal Mining
DHY,Credit Suisse High Yield Bond Fund Common Stock,$2.00,-0.01,-0.498%,0.00,United States,1998,271724,Finance,Finance/Investors Services
DIT,AMCON Distributing Company Common Stock,$198.98,3.98,2.041%,125429431.00,United States,1999,46,Consumer Discretionary,Food Distributors
DLA,Delta Apparel Inc. Common Stock,$3.51,-0.04,-1.127%,24749537.00,United States,2000,10229,Consumer Staples,Apparel
DMF,BNY Mellon Municipal Income Inc. Common Stock,$6.745,0.035,0.522%,420151810.00,United States,1988,77924,Finance,Finance/Investors Services
DMYY,dMY Squared Technology Group Inc. Class A Common Stock,$10.64,0.00,0.00%,0.00,,2022,19,Finance,Blank Checks
DNN,Denison Mines Corp Ordinary Shares (Canada),$1.9384,0.1184,6.505%,1727107366.00,Canada,,13084459,Basic Materials,Other Metals and Minerals
DPSI,DecisionPoint Systems Inc. Common Stock,$8.30,-0.38,-4.378%,63534882.00,,2022,1885,Technology,Retail: Computer Software & Peripheral Equipment
DSS,DSS Inc. Common Stock,$1.88,-0.03,-1.571%,13184840.00,United States,,1968,Consumer Discretionary,Containers/Packaging
DXF,Dunxin Financial Holdings Limited American Depositary Shares,$0.3319,-0.0046,-1.367%,720816.00,China,,49344,Finance,Finance: Consumer Services
EAD,Allspring Income Opportunities Fund Common Shares,$6.63,0.01,0.151%,0.00,United States,2003,95959,Finance,Finance/Investors Services
ECF,Ellsworth Growth and Income Fund Ltd.,$8.12,0.028,0.346%,0.00,United States,1986,14893,Finance,Finance/Investors Services
ECF^A,Ellsworth Growth and Income Fund Ltd. 5.25% Series A Cumulative Preferred Shares (Liquidation Preference $25.00 per share),$22.80,0.07,0.308%,,United States,,1522,,
EFSH,1847 Holdings LLC Common Shares,$2.76,0.14,5.344%,2185332.00,,2022,72400,Consumer Discretionary,Professional Services
EIM,Eaton Vance Municipal Bond Fund Common Shares of Beneficial Interest $.01 par value,$10.415,0.045,0.434%,0.00,United States,2002,57234,Finance,Finance/Investors Services
ELA,Envela Corporation Common Stock,$4.32,-0.04,-0.917%,115344000.00,United States,,32274,Consumer Discretionary,Consumer Specialties
ELLO,Ellomay Capital Ltd Ordinary Shares (Israel),$17.00,-0.51,-2.913%,218450000.00,Israel,,7818,Utilities,Electric Utilities: Central
ELMD,Electromed Inc. Common Stock,$16.3399,0.3399,2.124%,140608549.00,United States,2011,67175,Health Care,Biotechnology: Electromedical & Electrotherapeutic Apparatus
EMX,EMX Royalty Corporation Common Shares (Canada),$1.715,-0.015,-0.867%,192429929.00,Canada,,118537,Basic Materials,Metal Mining
ENSV,Enservco Corporation Common Stock,$0.1968,-0.0002,-0.102%,5232072.00,United States,,139540,Energy,Oilfield Services/Equipment
ENX,Eaton Vance New York Municipal Bond Fund Common Shares of Beneficial Interest $.01 par value,$9.88,0.02,0.203%,0.00,United States,2002,2949,Finance,Finance/Investors Services
EP,Empire Petroleum Corporation Common Stock,$5.80,-0.04,-0.685%,132775224.00,United States,2022,8566,Energy,Oil & Gas Production
EPM,Evolution Petroleum Corporation Inc. Common Stock,$5.845,0.075,1.30%,195552249.00,United States,,130451,Energy,Oil & Gas Production
EQX,Equinox Gold Corp. Common Shares,$4.595,-0.015,-0.325%,1486963578.00,Canada,,1477234,,
ERC,Allspring Multi-Sector Income Fund Common Stock,$9.365,0.015,0.16%,0.00,United States,2003,42923,Finance,Finance/Investors Services
ERH,Allspring Utilities and High Income Fund Common Shares,$9.2701,0.0501,0.543%,0.00,,2004,7192,Finance,Finance/Investors Services
ESP,Espey Mfg. & Electronics Corp. Common Stock,$25.15,-0.3233,-1.269%,68179965.00,United States,1960,7786,Technology,Industrial Machinery/Components
EVBN,Evans Bancorp Inc. Common Stock,$29.50,0.00,0.00%,162503494.00,United States,,1348,Finance,Major Banks
EVE,EVe Mobility Acquisition Corp Class A Ordinary Shares,$10.90,0.01,0.092%,0.00,,2022,17598,Finance,Blank Checks
EVI,EVI Industries Inc.  Common Stock,$21.09,-0.21,-0.986%,267300207.00,United States,1999,19521,Consumer Discretionary,Other Consumer Services
EVM,Eaton Vance California Municipal Bond Fund Common Shares of Beneficial Interest $.01 par value,$9.31,0.03,0.323%,0.00,United States,2002,44029,Finance,Finance/Investors Services
EVV,Eaton Vance Limited Duration Income Fund Common Shares of Beneficial Interest,$9.97,0.05,0.504%,0.00,United States,2003,252763,Finance,Finance/Investors Services
FAX,abrdn Asia-Pacific Income Fund Inc. Common Stock,$2.68,0.00,0.00%,0.00,United States,1986,531578,Finance,Investment Managers
FCO,abrdn Global Income Fund Inc. Common Stock,$5.61,0.03,0.538%,0.00,United States,1992,36020,Finance,Investment Managers
FEN,First Trust Energy Income and Growth Fund,$15.53,0.07,0.453%,0.00,United States,2004,20461,Finance,Finance/Investors Services
FLYX,flyExclusive Inc. Class A Common Stock,$18.26,-0.34,-1.828%,314528062.00,,2023,37194,Finance,Blank Checks
FOXO,FOXO Technologies Inc. Class A Common Stock,$0.31,-0.0028,-0.895%,2773270.00,,2022,207376,Technology,Retail: Computer Software & Peripheral Equipment
FRD,Friedman Industries Inc. Common Stock,$18.04,-0.32,-1.743%,125852650.00,United States,1975,9191,Industrials,Steel/Iron Ore
FSI,Flexible Solutions International Inc. Common Stock (CDA),$2.00,0.00,0.00%,24871064.00,Canada,2002,12161,Industrials,Major Chemicals
FSP,Franklin Street Properties Corp. Common Stock,$2.295,-0.035,-1.502%,237372660.00,United States,,343417,Real Estate,Real Estate Investment Trusts
FTF,Franklin Limited Duration Income Trust Common Shares of Beneficial Interest,$6.2725,0.0025,0.04%,253442708.00,United States,2003,61254,Finance,Finance/Investors Services
FURY,Fury Gold Mines Limited Common Shares,$0.4354,-0.0222,-4.851%,63371360.00,,2020,221197,,
GAU,Galiano Gold Inc.,$1.10,-0.03,-2.655%,247451731.00,Canada,,576350,,
GBR,New Concept Energy Inc Common Stock,$1.025,0.0149,1.475%,5260232.00,United States,1993,3226,Energy,Oil & Gas Production
GENC,Gencor Industries Inc. Common Stock,$16.3101,-0.2799,-1.687%,239068585.00,United States,,3809,Industrials,Construction/Ag Equipment/Trucks
GGN,GAMCO Global Gold Natural Resources & Income Trust,$3.78,0.02,0.532%,0.00,United States,2005,411712,Finance,Finance/Investors Services
GGN^B,GAMCO Global Gold Natural Reources & Income Trust 5.00% Series B Cumulative 25.00 Liquidation Preference,$22.2712,0.0512,0.23%,,United States,,1550,,
GLDG,GoldMining Inc. Common Shares,$0.8327,0.0307,3.828%,153083966.00,,,255327,Basic Materials,Precious Metals
GLO,Clough Global Opportunities Fund Common Stock,$5.06,0.05,0.998%,0.00,United States,2006,177105,Finance,Finance/Investors Services
GLQ,Clough Global Equity Fund Clough Global Equity Fund Common Shares of Beneficial Interest,$6.4697,0.0647,1.01%,0.00,United States,2005,56031,Finance,Finance/Investors Services
GLU,Gabelli Global Utility Common Shares of Beneficial Ownership,$13.531,0.0481,0.357%,80765335.00,United States,2004,13356,Finance,Finance/Investors Services
GLU^A,The Gabelli Global Utility and Income Trust Series A Cumulative Puttable and Callable Preferred Shares,$43.27,0.00,0.00%,,United States,,5,,
GLV,Clough Global Dividend and Income Fund Common Shares of beneficial interest,$5.5607,0.0107,0.193%,70674178.00,United States,2004,65262,Finance,Finance/Investors Services
GNS,Genius Group Limited Ordinary Shares,$0.3118,0.0188,6.416%,15870638.00,Singapore,2022,2983247,Real Estate,Other Consumer Services
GORO,Gold Resource Corporation Common Stock,$0.2903,0.0103,3.679%,25747879.00,United States,,812511,Basic Materials,Precious Metals
GRF,Eagle Capital Growth Fund Inc. Common Stock,$9.20,-0.1002,-1.077%,0.00,United States,,437,Finance,Finance/Investors Services
GRFX,Graphex Group Limited American Depositary Shares each American Depositary Share representing 20 Ordinary Shares,$0.3842,-0.0358,-8.524%,298695099.00,,2022,41308,,
GROY,Gold Royalty Corp. Common Shares,$1.835,-0.015,-0.811%,266020473.00,Canada,2021,678549,Basic Materials,Precious Metals
GSAT,Globalstar Inc. Common Stock,$1.305,0.035,2.756%,2479500000.00,United States,2006,3115061,Consumer Discretionary,Telecommunications Equipment
GTE,Gran Tierra Energy Inc. Common Stock,$5.74,0.15,2.683%,185094916.00,Canada,,336099,Energy,Oil & Gas Production
HNRA,HNR Acquisition Corp Class A Common Stock,$1.88,-0.05,-2.591%,0.00,,2022,1310,Energy,Oil & Gas Production
HNW,Pioneer Diversified High Income Fund Inc.,$11.50,0.0425,0.371%,0.00,United States,2007,18095,Finance,Finance/Investors Services
HUSA,Houston American Energy Corporation Common Stock,$1.2999,-0.0001,-0.008%,14177168.00,United States,,35346,Energy,Oil & Gas Production
HWM^,Howmet Aerospace Inc. $3.75 Preferred Stock,$60.00,0.00,0.00%,,United States,,48,,
IAF,abrdn Australia Equity Fund Inc. Common Stock,$4.215,0.065,1.566%,0.00,United States,1985,96414,Finance,Finance/Investors Services
IAUX,i-80 Gold Corp. Common Shares,$1.52,0.06,4.11%,453720508.00,Canada,2022,1689728,,
IBIO,iBio Inc. Common Stock,$1.1693,-0.0307,-2.558%,4074152.00,United States,,59248,Health Care,Biotechnology: Pharmaceutical Preparations
IDR,Idaho Strategic Resources Inc. Common Stock,$8.08,-0.13,-1.583%,99032706.00,,2022,12355,Basic Materials,Precious Metals
IE,Ivanhoe Electric Inc. Common Stock,$9.15,0.49,5.658%,1100803688.00,Canada,2022,537443,Basic Materials,Metal Mining
IGC,IGC Pharma Inc. Common Stock,$0.3234,-0.005,-1.523%,20611718.00,United States,,238877,Health Care,Biotechnology: Pharmaceutical Preparations
IHT,InnSuites Hospitality Trust Shares of Beneficial Interest,$1.60,-0.0002,-0.012%,14409290.00,United States,1999,1492,Finance,Investment Bankers/Brokers/Service
IMO,Imperial Oil Limited Common Stock,$64.45,0.59,0.924%,36521695755.00,Canada,1929,192187,,
INDO,Indonesia Energy Corporation Limited Ordinary Shares,$2.20,-0.06,-2.655%,22308000.00,,2019,9638,Energy,Oil & Gas Production
INFU,InfuSystems Holdings Inc. Common Stock,$9.2999,0.0899,0.976%,197004673.00,United States,,8547,Health Care,Medical/Dental Instruments
INLX,Intellinetics Inc. Common Stock,$8.73,-1.175,-11.863%,35563899.00,,2022,18326,Technology,Computer Software: Prepackaged Software
INTT,inTest Corporation Common Stock,$11.36,0.03,0.265%,138152504.00,United States,1997,75772,Industrials,Electrical Products
INUV,Inuvo Inc.,$0.5106,0.0049,0.969%,71086132.00,United States,,745893,Consumer Discretionary,Advertising
IOR,Income Opportunity Realty Investors Inc. Common Stock,$16.10,0.00,0.00%,67111465.00,United States,1987,1,Real Estate,Real Estate Investment Trusts
ISDR,Issuer Direct Corporation Common Stock,$14.69,0.15,1.032%,55993124.00,United States,,2655,Consumer Discretionary,Publishing
ITP,IT Tech Packaging Inc. Common Stock,$0.31,0.032,11.511%,3120435.00,China,,22519,Consumer Discretionary,Containers/Packaging
ITRG,Integra Resources Corp. Common Shares,$0.7206,0.0276,3.983%,49561085.00,,,156975,,
JOB,GEE Group Inc. Common Stock,$0.3628,0.0118,3.362%,39462328.00,United States,1968,93903,Consumer Discretionary,Diversified Commercial Services
JWSM,Jaws Mustang Acquisition Corp. Class A Ordinary Shares,$10.89,0.00,0.00%,0.00,,2021,1,Finance,Blank Checks
KIQ,Kelso Technologies Inc Ordinary Shares,$0.111,-0.009,-7.50%,6029530.00,Canada,,391106,Industrials,Railroads
KNW,Know Labs Inc. Common Stock,$0.6702,-0.0908,-11.932%,54518440.00,,2022,157877,Industrials,Industrial Machinery/Components
KULR,KULR Technology Group Inc. Common Stock,$0.1413,-0.0017,-1.189%,18070104.00,United States,,387287,Technology,Electrical Products
LCTX,Lineage Cell Therapeutics Inc. Common Stock,$1.12,-0.01,-0.885%,195985072.00,United States,,338661,Health Care,Biotechnology: Biological Products (No Diagnostic Substances)
LEU,Centrus Energy Corp. Class A Common Stock,$41.485,0.685,1.679%,650303676.00,United States,2014,157694,,
LGL,LGL Group Inc. (The) Common Stock,$5.88,-0.43,-6.815%,31475270.00,United States,1946,10095,Technology,Industrial Machinery/Components
LODE,Comstock Inc. Common Stock,$0.3702,-0.0098,-2.579%,42876927.00,United States,,442049,Finance,Real Estate
LPTV,Loop Media Inc. Common Stock,$0.6368,-0.0432,-6.353%,45118053.00,United States,2022,61514,Industrials,Broadcasting
LSF,Laird Superfood Inc. Common Stock,$0.8201,0.0011,0.134%,7667480.00,,2020,18797,Consumer Staples,Packaged Foods
LXFR,Luxfer Holdings PLC Ordinary Shares,$10.77,0.31,2.964%,289008944.00,United Kingdom,2012,86143,Industrials,Major Chemicals
MAG,MAG Silver Corporation Ordinary Shares,$9.06,-0.03,-0.33%,932714434.00,Canada,,626282,Basic Materials,Precious Metals
MAIA,MAIA Biotechnology Inc. Common Stock,$1.4301,-0.0399,-2.714%,20326742.00,,2022,243409,Health Care,Biotechnology: Pharmaceutical Preparations
MGLD,The Marygold Companies Inc. Common Stock,$1.0499,0.0299,2.931%,41348694.00,,2022,1206,Finance,Finance/Investors Services
MHH,Mastech Digital Inc Common Stock,$8.8499,0.0899,1.026%,102651211.00,United States,,1684,Consumer Discretionary,Professional Services
MI,NFT Limited Class A Ordinary Share,$0.246,0.0033,1.36%,8608004.00,,2023,435813,Consumer Discretionary,Catalog/Specialty Distribution
MIMO,Airspan Networks Holdings Inc. Common Stock,$0.1375,0.0045,3.383%,10262848.00,United States,2020,264467,Consumer Discretionary,Telecommunications Equipment
MITQ,Moving iMage Technologies Inc. Common Stock,$0.65,0.0219,3.487%,6811491.00,United States,2021,15161,Telecommunications,Telecommunications Equipment
MLSS,Milestone Scientific Inc. Common Stock,$0.76,0.00,0.00%,53996663.00,United States,2015,12941,Health Care,Industrial Specialties
MPTI,M-tron Industries Inc. Common Stock,$39.74,-0.30,-0.749%,110789556.00,,2022,34415,,
MPU,Mega Matrix Corp. Common Stock,$2.7392,0.0592,2.209%,86900109.00,United States,1998,58832,Consumer Discretionary,Diversified Commercial Services
MRT,Marti Technologies Inc. Class A Ordinary Shares,$0.812,-0.0002,-0.025%,14590625.00,,2021,23793,Consumer Discretionary,Rental/Leasing Companies
MSN,Emerson Radio Corporation Common Stock,$0.5173,0.0013,0.252%,10885364.00,United States,1994,1913,Consumer Staples,Consumer Electronics/Appliances
MTA,Metalla Royalty & Streaming Ltd. Common Shares,$2.7518,0.0118,0.431%,250356150.00,,,326640,,
MTNB,Matinas Biopharma Holdings Inc. Common Stock,$0.257,-0.0029,-1.116%,55836983.00,United States,2017,251686,Health Care,Biotechnology: Pharmaceutical Preparations
MWG,Multi Ways Holdings Limited Ordinary Shares,$0.3508,0.0206,6.239%,8699840.00,,2023,31857,Consumer Discretionary,Miscellaneous manufacturing industries
MXC,Mexco Energy Corporation Common Stock,$9.97,0.10,1.013%,20915445.00,United States,2003,850,Energy,Oil & Gas Production
MYND,Mynd.ai Inc. American Depositary Shares,$5.05,0.15,3.061%,14241384.00,,2017,1494,Real Estate,Other Consumer Services
MYO,Myomo Inc. Common Stock,$3.41,-0.27,-7.337%,90420252.00,United States,2017,264287,Health Care,Industrial Specialties
NAK,Northern Dynasty Minerals Ltd. Common Stock,$0.2871,0.0083,2.977%,152140896.00,Canada,,945243,,
NBH,Neuberger Berman Municipal Fund Inc. Common Stock,$10.33,0.00,0.00%,0.00,United States,2002,78203,Finance,Finance/Investors Services
NBY,NovaBay Pharmaceuticals Inc. Common Stock,$0.1415,-0.0035,-2.414%,923896.00,United States,2007,918525,Health Care,Biotechnology: Pharmaceutical Preparations
NCL,Northann Corp. Common Stock,$0.7515,0.0314,4.361%,16067070.00,,2023,57769,,
NEN,New England Realty Associates Limited Partnership Class A Depositary Receipts Evidencing Units of Limited Partnership,$71.00,2.73,3.999%,8294291.00,United States,,186,Finance,Real Estate
NEWP,New Pacific Metals Corp. Common Shares,$1.09,0.04,3.81%,186616050.00,,2021,144547,,
NFGC,New Found Gold Corp Common Shares,$3.515,0.075,2.18%,656858637.00,,2021,408245,Basic Materials,Precious Metals
NG,Novagold Resources Inc.,$2.655,0.175,7.056%,887755597.00,Canada,2003,2027659,Basic Materials,Precious Metals
NGD,New Gold Inc.,$1.525,0.055,3.741%,1045540000.00,Canada,,3939146,Basic Materials,Metal Mining
NHC,National HealthCare Corporation Common Stock,$94.53,-0.54,-0.568%,1451034460.00,United States,1986,29132,Health Care,Hospital/Nursing Management
NHS,Neuberger Berman High Yield Strategies Fund,$8.09,0.01,0.124%,0.00,United States,,49575,Finance,Trusts Except Educational Religious and Charitable
NML,Neuberger Berman Energy Infrastructure and Income Fund Inc. Common Stock,$7.07,-0.06,-0.842%,0.00,,2013,182701,Finance,Finance/Investors Services
NNVC,NanoViricides Inc. Common Stock,$1.1305,-0.0295,-2.543%,13316160.00,United States,,10962,Health Care,Biotechnology: Pharmaceutical Preparations
NRO,Neuberger Berman Real Estate Securities Income Fund Inc.,$3.2998,0.0248,0.757%,0.00,United States,2003,126638,Finance,Finance/Investors Services
NRXS,Neuraxis Inc. Common Stock,$3.40,-0.17,-4.762%,17984348.00,,2023,12916,,
NTIP,Network-1 Technologies Inc. Common Stock,$2.14,0.00,0.00%,50569540.00,United States,,53401,Miscellaneous,Multi-Sector Companies
OBE,Obsidian Energy Ltd. Common Shares,$7.135,0.055,0.777%,551560744.00,Canada,2022,239869,Energy,Oil & Gas Production
OGEN,Oragenics Inc. Common Stock,$1.4923,0.0323,2.212%,3834293.00,United States,,79769,Health Care,Biotechnology: Pharmaceutical Preparations
OPTT,Ocean Power Technologies Inc. Common Stock,$0.2975,0.0089,3.084%,17489644.00,United States,2007,219605,Utilities,Electric Utilities: Central
ORLA,Orla Mining Ltd. Common Shares,$3.745,-0.045,-1.187%,1177506645.00,,2020,329457,Basic Materials,Precious Metals
OZ,Belpointe PREP LLC Class A Units,$60.30,-1.4497,-2.348%,221874574.00,,,3357,,
PAPL,Pineapple Financial Inc. Common Stock,$1.3762,-0.0711,-4.913%,9883846.00,,2023,16768,Finance,Finance: Consumer Services
PCG^A,Pacific Gas & Electric Co. 6% Preferred Stock,$24.3045,-0.037,-0.152%,,United States,,3057,,
PCG^B,Pacific Gas & Electric Co. 5 1/2% Preferred Stock,$20.5478,-0.3022,-1.449%,,United States,,1706,,
PCG^C,Pacific Gas & Electric Co. 5% 1st Preferred Stock,$19.05,-0.28,-1.449%,,United States,,955,,
PCG^D,Pacific Gas & Electric Co. 5% 1st  Red. Preferred Stock,$18.80,0.00,0.00%,,United States,,61,,
PCG^E,Pacific Gas & Electric Co. 5% 1st A Preferred Stock,$18.8672,0.00,0.00%,,United States,,57,,
PCG^G,Pacific Gas & Electric Co. 4.80% 1st Preferred Stock,$18.46,0.00,0.00%,,United States,,7,,
PCG^H,Pacific Gas & Electric Co. 4.50% 1st Preferred Stock,$16.8037,0.00,0.00%,,United States,,5,,
PCG^I,Pacific Gas & Electric Co. 4.36% 1st Preferred Stock,$17.50,1.20,7.362%,,United States,,120,,
PED,Pedevco Corp. Common Stock,$0.6851,-0.0049,-0.71%,59775158.00,United States,,35067,Energy,Oil & Gas Production
PHGE,BiomX Inc. COmmon Stock,$0.436,-0.2519,-36.619%,20047162.00,,2019,7348167,Health Care,Biotechnology: Pharmaceutical Preparations
PLAG,Planet Green Holdings Corp. Common Stock,$0.2799,-0.0001,-0.036%,20175732.00,China,,32359,Consumer Staples,Packaged Foods
PLG,Platinum Group Metals Ltd. Ordinary Shares (Canada),$1.185,0.105,9.722%,121316360.00,Canada,,856914,Basic Materials,Precious Metals
PLX,Protalix BioTherapeutics Inc. (DE) Common Stock,$1.47,-0.01,-0.676%,107239622.00,Israel,,183968,Health Care,Biotechnology: Biological Products (No Diagnostic Substances)
PMNT,Perfect Moment Ltd. Common Stock,$4.31,0.20,4.866%,0.00,United Kingdom,2024,10077,,
PRK,Park National Corporation Common Stock,$131.885,-0.675,-0.509%,2125521833.00,United States,1994,11924,Finance,Major Banks
PTN,Palatin Technologies Inc. Common Stock,$1.893,0.033,1.774%,30546660.00,United States,1999,107819,Health Care,Biotechnology: Pharmaceutical Preparations
PW,Power REIT (MD) Common Stock,$0.62,0.0053,0.862%,2101590.00,United States,1998,9704,Real Estate,Real Estate Investment Trusts
PZG,Paramount Gold Nevada Corp. Common Stock,$0.345,0.003,0.877%,20807065.00,United States,2015,38292,Basic Materials,Metal Mining
RCG,RENN Fund Inc Common Stock,$1.58,0.00,0.00%,0.00,United States,,6991,Finance,Investment Managers
REI,Ring Energy Inc. Common Stock,$1.425,0.005,0.352%,278773179.00,United States,,730208,Energy,Oil & Gas Production
REPX,Riley Exploration Permian Inc. Common Stock,$27.50,3.43,14.25%,561720473.00,United States,1999,129679,Energy,Oil & Gas Production
RHE,Regional Health Properties Inc. Common Stock,$2.35,0.01,0.427%,4425116.00,,2017,678,Real Estate,Real Estate
RHE^A,Regional Health Properties Inc. 10.875% Series A Cumulative Redeemable Preferred Stock,$0.8899,-0.0001,-0.011%,,,,500,,
RLGT,Radiant Logistics Inc. Common Stock,$5.5637,-0.0263,-0.47%,261065695.00,United States,,31630,Consumer Discretionary,Oil Refining/Marketing
RVP,Retractable Technologies Inc. Common Stock,$1.211,-0.049,-3.889%,36253900.00,United States,2001,191741,Health Care,Medical/Dental Instruments
RYDE,Ryde Group Ltd. Class A Ordinary Shares,$4.5499,0.5499,13.748%,0.00,,2024,331635,,
SACC,Sachem Capital Corp. 6.875% Notes due 2024,$24.755,0.055,0.223%,1122798400.00,United States,2019,1325,Real Estate,Real Estate Investment Trusts
SACH,Sachem Capital Corp. Common Shares,$3.815,-0.025,-0.651%,173034777.00,United States,2017,103924,Real Estate,Real Estate Investment Trusts
SACH^A,Sachem Capital Corp. 7.75% Series A Cumulative Redeemable Preferred Stock,$21.735,0.1347,0.624%,,United States,,2128,,
SATX,SatixFy Communications Ltd. Ordinary Share,$0.5301,-0.0264,-4.744%,42809268.00,,2022,169206,Technology,Radio And Television Broadcasting And Communications Equipment
SBEV,Splash Beverage Group Inc. (NV) Common Stock,$0.6502,-0.0108,-1.634%,28490318.00,,2021,82433,Consumer Staples,Beverages (Production/Distribution)
SCCB,Sachem Capital Corp. 7.125% Notes due 2024,$25.21,0.0238,0.094%,1143435575.00,United States,2019,304,Real Estate,Real Estate Investment Trusts
SCCC,Sachem Capital Corp. 7.75% Notes due 2025,$25.01,0.02,0.08%,1134364289.00,United States,2020,3620,Real Estate,Real Estate Investment Trusts
SCCD,Sachem Capital Corp. 6.00% Notes due 2026,$22.20,0.1361,0.617%,1006912724.00,United States,,1600,Real Estate,Real Estate Investment Trusts
SCCE,Sachem Capital Corp. 6.00% Notes due 2027,$22.55,0.19,0.85%,1022787474.00,United States,2022,1057,Real Estate,Real Estate Investment Trusts
SCCF,Sachem Capital Corp. 7.125% Notes due 2027,$22.73,0.10,0.442%,1030951631.00,United States,2022,510,Real Estate,Real Estate Investment Trusts
SCCG,Sachem Capital Corp. 8.00% Notes due 2027,$23.80,0.4405,1.886%,1079483010.00,United States,2022,1443,Real Estate,Real Estate Investment Trusts
SCPX,Scorpius Holdings Inc. Common Stock,$0.359,0.0459,14.66%,9363399.00,United States,2022,4418666,Health Care,Biotechnology: Pharmaceutical Preparations
SDPI,Superior Drilling Products Inc. Common Stock,$0.8844,0.1796,25.482%,26878013.00,,2014,1234786,Industrials,Metal Fabrications
SEB,Seaboard Corporation Common Stock,$3204.78,-4.71,-0.147%,3112017643.00,United States,1996,1600,Industrials,Farming/Seeds/Milling
SENS,Senseonics Holdings Inc. Common Stock,$0.60,0.0443,7.972%,318401061.00,United States,,2033569,Industrials,Industrial Machinery/Components
SGE,Strong Global Entertainment Inc. Class A Common Voting Shares,$1.2704,-0.0146,-1.136%,10008010.00,,2023,790,,
SGN,Signing Day Sports Inc. Common Stock,$0.4752,-0.0748,-13.60%,6295712.00,,2023,94430,,
SIF,SIFCO Industries Inc. Common Stock,$3.15,0.07,2.273%,19403959.00,United States,1969,2909,Industrials,Office Equipment/Supplies/Services
SILV,SilverCrest Metals Inc. Common Shares,$5.57,-0.06,-1.066%,812152587.00,Canada,2018,2092616,Basic Materials,Precious Metals
SIM,Grupo Simec S.A.B. de C.V. American Depositary Shares,$30.73,0.00,0.00%,4733811946.00,Mexico,1998,99,Industrials,Steel/Iron Ore
SKYH,Sky Harbour Group Corporation Class A Common Stock,$12.86,0.26,2.063%,821686691.00,,2022,10809,Industrials,Military/Government/Technical
SLI,Standard Lithium Ltd. Common Shares,$1.255,-0.025,-1.953%,216929507.00,Canada,2021,380636,Industrials,Major Chemicals
SLND,Southland Holdings Inc. Common Stock,$4.73,0.08,1.72%,226774463.00,United States,,8774,Industrials,Military/Government/Technical
SOAR,Volato Group Inc. Class A Common Stock,$4.25,0.25,6.25%,56708167.00,,2022,28910,Finance,Blank Checks
SSY,SunLink Health Systems Inc. Common Stock,$0.77,-0.0001,-0.013%,5421264.00,United States,1996,8449,Health Care,Hospital/Nursing Management
STRW,Strawberry Fields REIT Inc. Common Stock,$7.90,-0.04,-0.504%,50793161.00,,2023,379,Real Estate,Real Estate Investment Trusts
STXS,Stereotaxis Inc. Common Stock,$2.605,0.195,8.091%,210704281.00,United States,,198516,Health Care,Biotechnology: Electromedical & Electrotherapeutic Apparatus
SVM,Silvercorp Metals Inc. Common Shares,$2.72,0.05,1.873%,482468699.00,Canada,,1568492,Basic Materials,Precious Metals
SVT,Servotronics Inc. Common Stock,$13.27,0.00,0.00%,33124720.00,United States,1970,46,Consumer Discretionary,Industrial Machinery/Components
SYNX,Silynxcom Ltd. Ordinary Shares,$3.84,0.135,3.644%,20160000.00,,2024,18410,,
TELL,Tellurian Inc. Common Stock,$0.8029,-0.0692,-7.935%,628183686.00,United States,,40116866,Finance,Investment Bankers/Brokers/Service
TELZ,Tellurian Inc. 8.25% Senior Notes due 2028,$15.26,-0.41,-2.616%,11939323757.00,United States,,5031,Energy,Oil & Gas Production
TGB,Taseko Mines Ltd. Common Stock,$1.635,0.025,1.553%,472068645.00,Canada,,2074458,Basic Materials,Precious Metals
THM,International Tower Hill Mines Ltd. Ordinary Shares (Canada),$0.5849,-0.0351,-5.661%,114573447.00,Canada,,83489,,
TMP,Tompkins Financial Corporation Common Stock,$49.695,0.015,0.03%,715912034.00,United States,1997,19622,Finance,Major Banks
TMQ,Trilogy Metals Inc. Common Stock,$0.4429,-0.0061,-1.359%,70752864.00,Canada,,57293,Basic Materials,Precious Metals
TOON,Kartoon Studios Inc. Common Stock,$1.435,-0.005,-0.347%,50496392.00,United States,,85010,Consumer Discretionary,Movies/Entertainment
TOVX,Theriva Biologics Inc. Common Stock,$0.47,-0.01,-2.083%,8010100.00,United States,,43715,Health Care,Biotechnology: Pharmaceutical Preparations
TPET,Trio Petroleum Corp. Common Stock,$0.10,-0.012,-10.714%,3189829.00,,2023,1239705,Energy,Oil & Gas Production
TPHS,Trinity Place Holdings Inc. Common Stock,$0.1466,0.0006,0.411%,5636006.00,,,102389,Real Estate,Building operators
TRT,Trio-Tech International Common Stock,$5.55,-0.1964,-3.418%,23141030.00,United States,1998,1141,Technology,Industrial Machinery/Components
TRX,TRX Gold Corporation Common Stock,$0.3785,0.0022,0.585%,105635843.00,Canada,,252770,Basic Materials,Precious Metals
UAMY,United States Antimony Corporation Common Stock,$0.2599,0.0256,10.926%,27977538.00,United States,,692786,,
UAVS,AgEagle Aerial Systems Inc. Common Stock,$1.1998,0.0098,0.824%,8549784.00,United States,,169975,Industrials,Aerospace
UEC,Uranium Energy Corp. Common Stock,$6.785,0.345,5.357%,2666367427.00,Canada,,4425280,Basic Materials,Other Metals and Minerals
UMAC,Unusual Machines Inc. Common Stock,$2.75,0.14,5.364%,23972451.00,,2024,24238,,
URG,Ur Energy Inc Common Shares (Canada),$1.655,0.075,4.747%,440211990.00,Canada,,3942323,Basic Materials,Precious Metals
USAS,Americas Gold and Silver Corporation Common Shares no par value,$0.2414,0.0043,1.814%,52402543.00,Canada,2017,416719,Basic Materials,Metal Mining
UTG,Reaves Utility Income Fund Common Shares of Beneficial Interest,$26.67,0.12,0.452%,0.00,United States,2004,279714,Finance,Investment Managers
UUU,Universal Security Instruments Inc. Common Stock,$1.46,0.01,0.69%,3376815.00,United States,2003,6313,Technology,Electronic Components
UUUU,Energy Fuels Inc Ordinary Shares (Canada),$6.38,0.28,4.59%,1043577104.00,Canada,,2663666,,
VCXB,10X Capital Venture Acquisition Corp. III Class A Ordinary Shares,$10.78,0.005,0.046%,163955068.00,,2022,212,Finance,Blank Checks
VFL,abrdn National Municipal Income Fund Common Stock,$10.38,0.05,0.484%,0.00,United States,1993,21438,Finance,Finance/Investors Services
VGZ,Vista Gold Corp Common Stock,$0.48,0.046,10.599%,58122477.00,United States,1986,439450,,
VINE,Fresh Vine Wine Inc. Common Stock,$0.74,-0.016,-2.116%,11822408.00,,2021,108052,Consumer Staples,Beverages (Production/Distribution)
VKI,Invesco Advantage Municipal Income Trust II Common Shares of Beneficial Interest (DE),$8.61,0.00,0.00%,382335832.00,United States,1993,51073,Finance,Finance Companies
VNRX,VolitionRX Limited Common Stock,$0.9693,-0.0247,-2.485%,76270217.00,Singapore,2015,22497,Health Care,Biotechnology: Biological Products (No Diagnostic Substances)
VTAK,Catheter Precision Inc. Common Stock,$0.545,-0.0141,-2.522%,3829540.00,,2018,22419,Health Care,Medical/Dental Instruments
VZLA,Vizsla Silver Corp. Common Shares,$1.1601,-0.0099,-0.846%,241293629.00,,2022,210104,Basic Materials,Precious Metals
WRN,Western Copper and Gold Corporation Common Stock,$1.42,0.01,0.709%,230918937.00,Canada,2011,186891,,
WWR,Westwater Resources Inc. Common Stock,$0.495,-0.0094,-1.864%,27143763.00,United States,,120194,Basic Materials,Metal Mining
WYY,WidePoint Corporation Common Stock,$2.70,0.10,3.846%,23877917.00,United States,,12356,Technology,EDP Services
XPL,Solitario Resources Corp. Common Stock,$0.55,-0.005,-0.901%,43497497.00,United States,,34113,Basic Materials,Precious Metals
XTNT,Xtant Medical Holdings Inc. Common Stock,$1.125,0.005,0.446%,146374031.00,United States,,79083,Health Care,Biotechnology: Biological Products (No Diagnostic Substances)
YCBD,cbdMD Inc. Common Stock,$0.7101,-0.0149,-2.055%,2162320.00,United States,2017,5471,Health Care,Biotechnology: Pharmaceutical Preparations
YCBD^A,cbdMD Inc. 8.0% Series A Cumulative Convertible Preferred Stock,$0.6912,-0.0388,-5.315%,,United States,,629,,
ZDGE,Zedge Inc. Class B Common Stock ,$3.68,-0.07,-1.867%,52824829.00,,2016,26632,Technology,Computer Software: Prepackaged Software
ZOM,Zomedica Corp. Common Shares,$0.1387,0.0057,4.286%,131758019.00,United States,2017,3317315,Health Care,Biotechnology: Pharmaceutical Preparations
